<?xml version="1.0" encoding="UTF-8" ?>
<!DOCTYPE mapper PUBLIC "-//mybatis.org//DTD Mapper 3.0//EN" "http://mybatis.org/dtd/mybatis-3-mapper.dtd">
<mapper namespace="com.jing104.demo.dao.mapper.UserMapper">
    <insert id="add" parameterType="com.jing104.demo.entity.User">
        INSERT INTO user (user_name,password,created_time,updated_time,del,user_pic) VALUES (#{user_name},#{password},now(),now(),0,"https://cube.elemecdn.com/0/88/03b0d39583f48206768a7534e55bcpng.png")
    </insert>
    <select id="findByUsername" resultType="com.jing104.demo.entity.User">
        SELECT * FROM user WHERE del=0 AND user_name=#{user_name}
    </select>
    <update id="updateNickname" parameterType="map">
        UPDATE user SET nickname=#{newNickname}, updated_time=now() WHERE id=#{id} AND del=0
    </update>
    <update id="deleteAccount" parameterType="com.jing104.demo.entity.User">
        UPDATE user set del=1, updated_time=now()WHERE id=#{id} AND del=0
    </update>
    <update id="updateAvatar" parameterType="map">
        UPDATE user set user_pic=#{avatarUrl}, updated_time=now()WHERE id=#{id} AND del=0
    </update>
    <update id="updatePwd" parameterType="map">
        UPDATE user set password=#{newPwd}, updated_time=now()WHERE id=#{id} AND del=0
    </update>

</mapper>